{
  "IcoMoonType": "selection",
  "icons": [
    {
      "icon": {
        "paths": [
          "M768 426.667h256l-128-170.667-128 170.667zM768 597.333h256l-128 170.667-128-170.667z",
          "M42.667 0h256v1024h-256c-11.316 0-22.168-4.497-30.17-12.497s-12.497-18.854-12.497-30.17v-938.667c0-11.316 4.495-22.168 12.497-30.17s18.854-12.497 30.17-12.497z",
          "M384 0h256c11.315 0 22.17 4.495 30.17 12.497s12.497 18.854 12.497 30.17v938.667c0 11.315-4.497 22.17-12.497 30.17s-18.854 12.497-30.17 12.497h-256v-1024z"
        ],
        "attrs": [
          {
            "fill": "rgb(214, 177, 255)"
          },
          {
            "fill": "rgb(2, 137, 122)"
          },
          {
            "fill": "rgb(2, 137, 122)"
          }
        ],
        "isMulticolor": true,
        "isMulticolor2": false,
        "grid": 0,
        "tags": [
          "01"
        ],
        "colorPermutations": {
          "213712212141772551": [
            {
              "f": 1
            },
            {
              "f": 0
            },
            {
              "f": 0
            }
          ]
        }
      },
      "attrs": [
        {
          "fill": "rgb(214, 177, 255)"
        },
        {
          "fill": "rgb(2, 137, 122)"
        },
        {
          "fill": "rgb(2, 137, 122)"
        }
      ],
      "properties": {
        "order": 18,
        "id": 1,
        "name": "01",
        "prevSize": 32
      },
      "setIdx": 0,
      "setId": 8,
      "iconIdx": 0
    }
  ],
  "height": 1024,
  "preferences": {
    "showGlyphs": true,
    "showQuickUse": true,
    "showQuickUse2": true,
    "showSVGs": true,
    "fontPref": {
      "prefix": "icon-",
      "metadata": {
        "fontFamily": "icomoon"
      },
      "metrics": {
        "emSize": 1024,
        "baseline": 6.25,
        "whitespace": 50
      },
      "embed": false
    },
    "imagePref": {
      "prefix": "icon-",
      "png": true,
      "useClassSelector": true,
      "color": 0,
      "bgColor": 16777215,
      "classSelector": ".icon",
      "name": "icomoon"
    },
    "historySize": 50,
    "showCodes": true,
    "gridSize": 16,
    "showGrid": false
  }
}